text,label,notes
"Man, the new hood is awesome looking. I do think I prefer the way OG Black Flag is color graded overall, so I made an edit inspired by it, just for fun. Do like the look of both versions in diff ways though.",reaction,borderline reaction/analysis - aesthetic preference with no real argument
"That looks so much better actually lol good job",reaction,
"I like the ship, blood, and color grading of this one more, but the composition, hood, and graphics of the new one.",reaction,borderline - preference list with no reasoning for why
"If being over hyped for this game is wrong, then I don't want to be right.",reaction,
"I can't believe the 2 games I'm most excited for this year are both remakes",reaction,
"I really love how Edward's hood in Resynced covers his face more. I'm just so excited to sail the seas of the Caribbean again. Crazy that in just a few weeks Black Flag will most likely be occupying 2 spots in my top 5 AC games.",reaction,
"The game almost looks like the old CGI trailers, I am so hyped for it",reaction,
"That ram on the Jackdaw looks so silly",reaction,borderline reaction/hot_take - brief aesthetic opinion
"Fuck yes. Gonna get our pyrate on.",reaction,
"I really hate the fact they included rams in this game. Rams didn't exist at the time. And they change the whole look of the ship.",hot_take,DIFFICULT - complaint backed by one historical-accuracy point; evidence is decorative so labeled hot_take
"It was in the original so it is going to be in the remake. As for why it was in the original that's most likely because it was in AC3. BF just improved what was in AC3. Also isn't the only anachronistic thing in the game.",analysis,
"You can leave a domain, change character, come back where you left off. So do the first part with Naoe, leave, change to Yasuke, come back and do the boss. As for the grind, yes I agree it's a huge grind for those who stopped playing after they finished the story and didn't level up to 100. It's just a way to keep you playing. Other than that, I think of domains as a place to test my builds out, since in the main game, having optimized builds is largely unnecessary. No AC RPG game except Odyssey needs you to make optimal builds.",analysis,
"I wonder if that's on purpose. I'm thinking if they wanted us to be able to switch, they would have left the usual feature from the pause menu. Also, it's weird that you don't have a choice of who you're gonna play as once the modifiers are set. You have to anticipate beforehand and before knowing anything about the domain.",analysis,
"Being able to switch would be annoying because most places inside the domain are restricted zones and the game doesnt let you switch in restricted zones. It saves the player from having to figure out where to switch and what not. Although, the area right before the arena is usually always a neutral zone.",analysis,
"After generating a domain and its modifiers, you can simply leave that menu without entering immediately so you can swap between characters or upgrade your gear. I'm sure they took switching into account since there's modifiers locking you to a specific character.",analysis,
"About the fact you can leave the Domain etc. I think that it's uncomfortable, into a game that already suffers of too much loading screens and I think that since the Rifts had that ability to swap immediately the Character between Yasuke and Naoe, I don't understand why they haven't done the same. Generally if you need to use artificially a short-cut of the system to obtain something it means there are some flaws into the design and it's a waste of time for people that want to do the Domain maybe just once every time. In any case my worst problem is that this Mode gives you Vault entries, if there weren't I wouldn't have tried the Mode knowing it was done for RPG players, having those Rifts projects inside a RPG mode forces even the Action Adventure players to do something they are not interested into, for MD contents.",analysis,
"Well, you can get all vault entries by doing the easiest domain over and over, if you really want them that bad. The vault entries themselves are not for old time fans - they have no new lore, just some info about things you already know.",analysis,
"I agree that the Daisho part is a complete chore that gets super boring after a couple of times and seems to be only tacked on to extend play time. The design is also bad, it's literal linear level tubes, every Daisho is in the same part, you have to sneak by or fight the same enemies every time. Some MODcoin orbs are literally not collectable because they are placed in an inaccessible space. The bossfights with debuffs and the like are interesting but brutal, but I thought they were implemented a lot easier functioning and more entertaining in Valhalla's Valkyrie Arena.",analysis,
"Yeah, some orbs are in inaccessible spaces but not all the time. There's shortcut/alternate paths that are randomly open or blocked off. Those can have orbs even when they're blocked off. The only truly inaccessible orb I've encountered is in the Sky Islands on the floating bridge in the middle of the zipline.",analysis,
"Imma be real: why do we as a fanbase treat Darby Mcdevitt in such high regard when the modern day has never been that good (Desmond being the high point is not a good thing), and the general writing of any of the games have been decent at best? Like sure there are some poignant moments, great scenes and meaningful overarching concepts, but nothing that's ever stood out as ""masterful"". Whenever it was announced that Darby was back and was taking over the narrative everybody rejoiced, but why? The modern day sucks, it's so non-committal and abstract that it feels like a placeholder until they figure out something better. The problem is they are doubling down on it instead of moving on.",analysis,DIFFICULT - argued critique but heated opinion; sits on analysis/hot_take line
"I don't understand exactly what you mean, I will make it clearer for you: The first two AC games, AC1 and AC2 have been mainly written by Corey May with Patrice Desilets as focal point of everything, like it or not, his total creative control of the franchise gave the game an absolute consistency. After Desilets departure from Ubisoft in 2010, with Brotherhood done in terms of narrative but completed by Corey May, Yohalem and the Direction of Guesdon, we had the new phase. Then Black Flag officially consecrated Darby position in the franchise as lead writer, but despite that his next game was Valhalla and now Hexe. Thing is, Darby wrote some of the most consistent games compared to the norm, but he really took care only of Black Flag and Valhalla Modern Day. I feel like the new games after Valhalla are more the product of upper management ambitions than actual creative freedom of the writing team.",analysis,
"I know he's not the main guy or wasn't the main force behind the games but I thought he was in charge of the modern day from Shadows onwards and then had a big impact on Hexe's story. I just think it's weird that fans were hyping him up as the savior of the story when the modern day has never been good. Even in Valhalla, it had some interesting bits but it never explored that any further. Basically what I'm saying is Ubisoft has really given me no reason to trust their storytelling process and I think it's strange that the inclusion of one writer was enough to get fans excited about the future.",analysis,
"He only has so much influence, even on the games he works on. He had basically nothing to do with Shadows as far as I know. Valhalla at least did something, but the main problem with AC is the narrative is just incoherent at this point because there's tons of other people working on different parts of every game.",analysis,
"Domain mode made this update a net zero to me. The story stuff was cool (really shouldve been there from the start but I'll take it for what it is) But the Animus Rift being a Black Flag Resynced ad and Domain mode as a whole fucking SUCKS. Especially locking what little MD content we have behind it. Ive been grinding out 2-3 on the easiest level per day and Im still not done, once I am I'll never touch Shadows again tbh",hot_take,DIFFICULT - strong verdict with a supporting reason; sits on hot_take/analysis line
"They dropped the ball so hard on modern day i didn't even bother with John assassin's creed and whatever random year modern day is currently at. And I'm a modern day fan",hot_take,
"The fact that the Modern Day has been not good in the past should require that we ask for having something better, not to just drop the ball and say well it doesn't change anymore if there is or not",hot_take,borderline - normative assertion with little evidence
"I am asking for better ever since blackflag showed up. 3 was the end point for an actual plot",hot_take,
"If you just want the text lore dumps, simply do MOD level 1 repeatedly. Anyone should be able to complete level 1 easily. MOD is cool, although a bit repetitive after a while. I wished there were more maps and bosses though. In fact, if they extended it with a DLC (that will not happen), I would buy it.",analysis,
"I repeat, having this short is good, but it shouldn't work like that. It's not that having a short-cut magically solves the structural and philosophical problem behind, which is, we had 20 years ago more meaningful and interesting puzzles, challenges, mysteries etc. Why giving this reward at the end of the grind and not having a Mode that request you to unlock the entries as a part of a major puzzle to solve, having maybe those little snaps of Lore as vocal holograms that the Animus Hub then store for you to read ALREADY in the main game?",analysis,
"I Will not fall into your ragebaiting, like I've said it's right to point out what players could not like, especially hardcore fans. You call a bit of effort a mechanic that is pure gatekeeping for people who don't like nor understand RPG and Gear mechanics, it's a game that should be accessible, but they lock important lore behind stuff that is extremely niche. The point is if the next games will be like that a lot of fans will likely leave the franchise for good because having a MD that evolved with Updates is not the right thing to do and the Animus Hub can't be an excuse for having bad practices.",analysis,
"Exactly bruv. They tried to fix what was already working starting from ac3 and so on. I'm not gonna say that those are bad games, but they had so much potential than what they delivered.",hot_take,
"I'd argue the narrative peaked in AC2, but otherwise I agree.",hot_take,
"No it hasn't, no matter how fun any of the games are there is always a why did they do this factor.",hot_take,
"AC1 is a masterpiece. Sadly I do agree in general with him. Ubisoft has always tried to reinvent the wheel with these games mechanically so we never really got to the pinnacle of any gameplay system.",hot_take,borderline hot_take/analysis - bold claim with light reasoning
"Anyone can make an argument for which project is a peak, which makes the franchise kinda like a mountain range. There are multiple points in it that could be considered peaks, like AC2, Unity, and Odyssey.",hot_take,borderline - conceptual point with no real argument
"Black Flag for sure.",hot_take,
"Disagree. Completely subjective and also inane. Each AC game offers a unique experience and the series does a great job of mixing up the formula at the right time to keep the series fresh and interesting. If that youtuber wants parkour/stealth then the peak is AC Unity. If they want adventure I'd say the peak is Odyssey/Valhalla.",hot_take,borderline hot_take/analysis
"For me it peaked at unity and kinda fallen off since.",hot_take,
"Personally I really like both games, but I think Brotherhood is more consistently in its quality, while 2 is more inconsistent, but has bigger highs than its successor.",hot_take,borderline - brief comparative opinion
"Biggest problem is you have two different studios making the games.",hot_take,
"Never even came close! Mostly because instead of building on stuff, they threw it all away once in a while and made a different game from scratch. The problems start with AC2 imo.",hot_take,borderline - bold verdict with brief reason
"The series peaked at Unity, in my opinion.",hot_take,
"I think it peaked anywhere between 3 and unity. Everyone hated syndicate but unity was decently received. After Ezio popularity exploded a lot of people bought 3 black flag and rogue but after unity it's just been downhill. Odyssey was pretty good but Valhalla wasn't even about assassins.",hot_take,borderline
"Black Flag was its peak. No other entry comes close to Black Flag.",hot_take,
"Odyssey was the peak.",hot_take,
"I think AC2 is still the peak of the series.",hot_take,
"The reaction this game got is completely absurd. The game is far, far from deserving such bad reputation.",hot_take,
"I feel they are trying too hard to make Arno similar to Ezio. The modern part of the story is pretty much zero. I am quite disappoint.",hot_take,borderline hot_take/reaction
"It would have been a 8 or 9 out of 10 game if it weren't for the issues.",hot_take,
"I like the rpg games but shadows was just boring. It felt like a chore before I even finished the story. It sucks too because they didn't really end the story.",hot_take,
"I don't see how anyone can dispute what he says. No AC evolution ever came without cutting something existing that worked and didn't need cutting. In theory each game should have just kept building on the last, only cutting clear missteps. Instead each rework looked like a do-over from scratch, where Ubi had to prioritize among current goals and old features, leaving positives by the wayside. Brotherhood is the closest example to a peak I can think of, because its the last time the additions were near-indisputable positives.",analysis,
"At the end of the day it comes down to how Ubisoft treated Assassin's Creed. They made it an annual release with multiple mainline entries in production at once, sometimes with different studios entirely. That's a recipe for disaster because you're putting way too many chefs in the kitchen, who all have different ideas while increasing the burnout for the consumer. If Assassin's Creed had been treated like a normal AAA franchise we'd probably see a new entry every 3-5 years and by the same team, it could actually improve things the right way.",analysis,
"Narratively it peaked at AC Revelations' finale, the final scene of Altair, Ezio and Desmond all together is a perfect summary of the franchise's original philosophy. Gameplay wise, I'd say it peaked at Brotherhood. The series has the problem that each three to four years it tries to reinvent itself, adding new mechanics and eliminating others while de-evolving the core elements. Unity could've been the peak, but the rushed development resulted in a butchered experience.",analysis,
"It's hard to give the series a single peak: Brotherhood was probably the peak of the classic formula as there was a harmonious balance between story and side content. Black flag was another peak in that it introduced the series to a whole new dimension. Origins is probably the third peak, came right in the perfect time with its generation of RPGs. Thing is with AC is that at this point its a series without an identity or direction.",analysis,
"Probably not the most popular opinion but conceptually I think Black Flag is the peak of the series. The promise of AC was always that it could fully aesthetically and mechanically embrace specific eras without betraying the core tenets. Black Flag is the only game in the series to really entirely graft the AC vibe onto a fully-fledged era simulator. You could argue Valhalla made some core adaptations to the Viking motif, but at that point it had so completely abandoned the assassin motif. The real trick is the balance, which IV pulled off brilliantly.",analysis,
"That's because the patches came out for it. The story was never something people gave a bad review for, it was the fact that there were widespread common glitches. Ones that should have been known if they'd spent enough time developing it, and not tried to meet the deadline when they weren't ready.",analysis,
"I can assure you the game does not crash frequently for everyone. The game was in bad shape when it launched but the most recent patch fixed the worst bugs like falling through the map. Now the remaining issues aren't that bad and tiny bugs are what you'd expect in any massive open world game.",analysis,
"I felt like most of the criticism was well deserved, but still exaggerated. The slowdowns and hitching are annoying as hell, but not as bad as the way the controls changed from Black Flag. Not only did they remap a lot of commands and take some out, but the X and Y axis names are reversed, so trying to get the controls to respond properly is frustratingly time consuming.",analysis,
"Couldn't agree more. I am on Xbox One. Bought the game last week and have had, what I consider, unacceptable frame rates during one cutscene. Plays just fine, and Paris is amazing.",reaction,
"Yea I'm crashing like every few minutes, gg well done Ubi.",reaction,
"I'm delighted with the lack of modern story, I hated every minute of the Desmond story. I think he's unique enough, and definitely likeable.",reaction,borderline reaction/hot_take
"Oh shit you're right. Still find it funny how the mission will allow you to knock some of them out. Like I'm just imagining the conversation they had with Mary after waking up.",reaction,
"Apparently after knocking them out you can kill them, I killed them bruh lol.",reaction,
"I used to see how many I could off before failing the mission or being spotted.",reaction,
"I'm really happy with how the game came out. And I'm super happy because Kefalonia is where my grandfather is from, so I feel a deeper connection to the characters. Just curious if any Greeks had opinions.",reaction,
"I totally agree, when I first arrived to Ithaca I just took a swim because I thought it was part of Kefalonia until I got the prompt that the objective is nearby. I was like, well that was close.",reaction,
"I love Alexioses MAA-LAKA, it cracks me up every time.",reaction,
"Its been my dream to visit ancient greece so this is as close as i get. It will be amazing to go to the place of our village even if nothing is there, and to visit the places I have seen in real life but in videogame glory like the akropolis. I so far love the experience.",reaction,
"At some point in your life, make it over there. I just did Greece, Croatia and Italy. As an American obsessed with Greek and Roman history, it was the highlight of my entire life.",reaction,borderline reaction - travel anecdote tied to the game's setting
"I really like what I've seen thus far and I believe Ubi did a great job but there seems to be a confusion between Greek stuff and Roman stuff like armors and helmets. I've seen some videos where the swear word Malaka is used in the wrong context and that makes me laugh.",reaction,borderline reaction/analysis
"As a Greek I have to say it's amazing how accurate they are both in their historical research and the geography itself. The voice acting is perfect and they used almost 85% Greek actors. Most people I know want to play it or are already playing it, and are feeling proud on how accurate they depicted Ancient Greece.",reaction,borderline reaction/analysis - praise backed by specifics
"Would have been nice to be able to play the game entirely in Greek, missed opportunity for an added layer of immersion. NPCs sound great.",reaction,
"I'm loving the game so far. I'm playing as Alexios and the accent is very Greek. I love that he uses the word ELA to urge his horse to run. I also like the ancient Greek from NPCs, I'm laughing at their arguments. I was in Athens recently and can't wait to visit these areas in the game.",reaction,
"I immediately thought there was something wrong with his accent. Cassandra on the other hand felt spot on, by modern Greek standards anyway.",reaction,
"Its really good, ubi did a great job.",reaction,
"I find Alexios resembles Chris Delia a shit load haha but I'm fucking loving the game so far.",reaction,
"No but seriously, the game looks pretty dope. Arrow thingy has to go though.",reaction,
"Edward technically didn't sneak past those Assassins, as they knew he was there and he was invited by Mary as a way to test his skills. They even talk about how he was unknowingly summoned to the island in their native tongue while Edward sneaks past.",analysis,
"I feel like Ubisoft had an awful reaction to Unity's criticism. It's like they did a test, got a 6/10 and then tore the whole test up without checking what they got right and redid it from scratch. Unity's launch caused more problems for the whole franchise than Unity itself. It caused Syndicate to be everything nobody wanted from a Victorian Assassin's Creed, and that bleeds into Origins and everything after.",analysis,
"I think something like the rpg games still would have happened. Unity was the game that introduced microtransactions, 0 modern day substance, skill trees and RPG lite mechanics, it was basically designed like an MMO. For context the AC4 team that went on to do Origins came up with, developed and released the game all within the timeframe unity was being made, so they won a lot of trust internally.",analysis,
"Syndicate is confusing cause I think they changed the protagonist based on how dark the story was originally gonna be mixed with the reaction to Unity, but it also feels like they removed a coop feature due to Unity's reception, cause there's really no purpose for the 2 protagonist system without a coop feature that doesn't exist.",analysis,
"Real scale is just not possible in all video games, and would also be very boring. The entire map, so almost all of Greece, is 256 square km, while Athens itself alone is almost 39 square km in real life without counting the urban area.",analysis,
"This isn't realistic though, since people in Ancient Greece didn't speak Modern Greek. In Ancient Greek most dialects didn't develop their diphthongs into monophthongs yet, as well as they didn't turn their plosives into fricatives.",analysis,
"A small issue with history and Odyssey: Spartan children stayed with their families till 7 years old and then were taken from their homes and put in barracks. So the first scenes with Alexios and his father normally never could have happened. The swearing is nice but not historically correct.",analysis,
"The way you describe it might seem that alexios was in agogi, while his father was already homios. As for the greek language used, it's mostly ancient Greek than modern greek, there are wrong pronouncements in some cases and syntax sometimes is off. But since I am Greek, playing this game gives you the feeling that you are in the Peloponnesian war era.",analysis,
"Assassin's creed has had big fights through practically every era, but it always felt like you were sneaking or bypassing the main fight to reach an objective. Here the war IS the main objective. Also Alexios has near super human strength, he spartan kicks somebody and they fly 20+ feet. I understand wanting to make the player feel powerful, but this is just ridiculous.",analysis,
"We probably would have gotten more co-op shit, UbiSoft was fuckin hipped on that crap. They were convinced it was going to be the next big thing, god knows why.",hot_take,
"I don't think it's too bad. The game has a mystical vibe going on, who cares about a specific arrow you control? The game has a million other things going on.",hot_take,
"Considering the immense scope of this game, people getting worked up over little niche gameplay elements is just stupid.",hot_take,
"They should completely kill the present day story, its horrible and a disaster. The present day story hasnt advanced at all since AC3, its all this coded and secretive talking about nothing. Nobody likes the present day story Ubisoft, it was interesting at first but after you ruined it in AC3 it has no purpose now. Give us yearly Assassins Creed, just put us as a dude in different time periods and let us explore those worlds.",hot_take,DIFFICULT - long opinionated rant with some reasoning; sits on hot_take/analysis line
"Nope. They need to double down on the present day story. That meta-narrative is why I stay hooked in the series.",hot_take,
"The modern day has been a random assassin in a random time period for the past five or so games unfortunately, making it more pointless than ever. I want it to be better but I have 0 hopes for them to try and improve it.",hot_take,
"This. It's either improve it or remove it if you ask me.",hot_take,
"I want them to keep the modern day story. I just want them to drop Layla for a decent character. Would love to see Shawn and Rebecca come back, they were a great and funny team.",hot_take,
"Nobody likes the present day story? Don't speak for me, thanks.",hot_take,
"You don't get to decide that nobody likes it. A fair share of people do, like me, and while yes it has major issues right now, I don't think the solution is to remove it, I think the solution is to do it better.",hot_take,
"Honestly AC should have ended at AC3, and used their time making Odyssey and the likes without modern day mumbo jumbo. And popular or not, that's my opinion.",hot_take,
"Another day, another tantrum about the core concept of the franchise. Just skip the dialogue and cutscenes if you don't like it. You have dozens of hours of stabbing people in history, 20 minutes of sci-fi content doesn't get in the way of that.",hot_take,
"Why the fuck does this have 800 upvotes and gold? Killing the modern day means killing the franchise.",hot_take,
"I loved the Modern Day story through 3 and have not given a shit about it since. Desmond's story was very interesting but yeah no one cares anymore. I'm all for getting rid of it.",hot_take,
"The modern day story was the one that attracted me to this series, now I don't even give a damn about this series anymore. It all went downhill since Patrice left.",hot_take,
"After Desmond it had nowhere interesting to go. They built up a character to the point that it looked like the series was going to finish with a modern day AC playing as Desmond solely. But then they just fucked it up and killed him off. I haven't given a shit since then.",hot_take,
"Instead of killing it, they should fix it and make it good again.",hot_take,
"Modern day is wack right now but they should make it enjoyable instead of removing it imo.",hot_take,
"This man is over 70 and still fucking leaping off buildings and assassinating? YES I want to see how he pulls that off Ubi!!!",reaction,
"It's depressing that even though I've watched the movie and played 90% of the games, I don't know half the things you just mentioned. Juno's dead? Desmond has a son?!",reaction,
"Are you kidding me? Alexios coming out of nowhere wearing a suit is the most exciting thing I experienced in this game! The ancestors and the modern day people finally meet!",reaction,
"Kassandra looks really good in a suit and blonde hair, I wish I could play as her instead of going back to her ancient version.",reaction,
"I thought old Kassandra rocked the pants suit.",reaction,
"I honestly lost track of that shit after Desmond Miles in AC1. Everytime Layla comes on screen I audibly WTF and skip the scenes and head back into the animus lol.",reaction,
"Assassin's Creed Odyssey was the first AC game I've ever really played and the modern day stuff made zero sense to me. As a new player to the series, I didn't understand what was going on with it at all so it was a definite failure for me.",reaction,borderline reaction/analysis
"I just dont understand why they didnt stick with Shawn, Rebecca and William after Desmond bit the dust. We could have just taken control of William and had him be the main character after Desmond's death. Or introduce a new Assassin into the team, but keep those three around for continuity.",analysis,
"The Eagle Bearer being alive in the present could have been the most interesting thing to happen in the modern day story, but then they had to kill them off to fluff up Layla, who's really just ok at best. There'd be so much they could do with the character development and lore to have two people from completely different periods talk about ways of life throughout time. There was so much potential in that alone.",analysis,
"The suit looks good and it communicates a lot. Clearly she hasn't been sitting in the cave the whole time, she's been able to travel the world, adapt, and become successful in the modern context. That's what a suit communicates, power and success.",analysis,
"They should do the exact opposite. The reason the modern day storyline is a mess is because they haven't been planning it out properly in the same way as they do their historical settings. What they should be doing is fleshing out a proper story arc with the present day setting that actually goes somewhere in tandem with a fleshed out historical setting story.",analysis,
"Desmond was the face of the games that had quality MD despite being a bland empty shell of a character, but as the audience surrogate guiding players through the world it was fine. The real secret sauce was the story aspect, the AC1 to 3 games had an actual plot that happened in tandem with the historical plot. That's why people note the stark difference in the MD from AC1-3 and AC4-present.",analysis,
"The modern day storyline feels tacked on because Ubi knows they need it to glue the franchise together, but the popular opinion is modern day bad so they strip it down until it's nothing. It's because Ubisoft has been putting in less and less effort into improving it, which causes more disinterest. It's a self perpetuating cycle that needs to be broken.",analysis,
"I want them to actually flesh out the modern story. What pissed me off was after Kassandra gives the staff away and dies, Layla just goes there's so much I haven't seen, I need to go back to the Animus. You just met the person whose life you've been living, she died in your arms, and the first thing you do is say you want to go back to the Animus? Layla came across as an addict to me.",analysis,
"It sounds like what you want is for Ubisoft to stop making Assassin's Creed games, you want more historical ARPGs without them being AC games. The modern day elements are intrinsic to what makes an AC title. The animus as a framing device, Templar-Assassin interests prompting historical exploration, Abstergo, ties between historical conflicts to ongoing ones, all of these are part of what makes Assassin's Creed into Assassin's Creed.",analysis,
"Odyssey is fun entirely because of the modern day. If it weren't for the Pieces of Eden and the isu Bloodline, Kassandra and Alexios would have no powers. The skill tree wouldn't exist. Rush Assassination is cool and only possible because of the sci fi style they got going on right now.",analysis,
"Not when they keep selling us games that aren't fully finished. Not when they keep locking content behind pay walls and microtransactions. Not when they keep sacrificing the core essence of their franchise for mainstream bullshit. That's it for me, I'm no longer buying a Ubisoft game at full price, Assassin's Creed or otherwise.",hot_take,
"I don't know why anyone aware of the franchise's issues would buy their games while not on a sale, but I greatly appreciate these playtesters discovering the bugs out for the rest of us.",hot_take,
"Gaming is about getting excited and having fun. So what if you paid $60? I'm kinda tired of these posts about money. I paid $60 for ACV and it's absolutely a $60 game. So what that ubisoft adds stuff to buy, I don't buy it and I don't need to. The game is great.",hot_take,
"It's obvious that most developers don't give 2 shits about polishing a game to completion. Only about making that year-end revenue. Wait a couple years, and get the game as it was intended to be played for a quarter of the price.",hot_take,
"It also didn't help that Ghost did AC's own formula way better than they did. They even did the chain assassinations better.",hot_take,
"Ghost of tsushima was a humiliation for Ubisoft, they got beaten on their own game. Ghost is what AC would be if they didn't rush things and tried to make a game as polished as possible. But it's clear that ubi doesnt care about that, they found out that if they rush things and release uninspired games, people will still buy them.",hot_take,
"I actually loved GOT because it felt more Assassin's Creed than Assassin's Creed.",hot_take,
"I got 126 hours of fun in for $60. No other medium in the world gets me that, so I'm happy enough with it. I don't really care about the mx because they're so over the top, but I am amazed that so many will complain about authentic armor and then also complain that Sauron's armor is a mx.",hot_take,
"There was a time when I would've disagreed with you on this but after my recent experience with Legion and the recent MTX shenanigans from Valhalla, I will now do this as well. Ubisoft has disappointed me for the last time. I was blinded by my love for the AC franchise.",hot_take,
"I don't mind the Helix store as long as they don't shove it in my face. What I care about is the number of bugs I witnessed in this game, I literally can't finish the game.",hot_take,
"Origins is better than Odyssey.",hot_take,
"Story felt really half hearted to me, wasted potential. Bayek is an incredible character though!!!",hot_take,
"It's not that bad, I have like 120 hours in it. It's just not as good as Origins. Good luck with the grind.",hot_take,
"Idk there is plenty of armor and weapons in the base game and at 110 hours it feels content complete, but that is just me.",hot_take,
"I got odyssey for 20, Origins for like 15 and it was such a good deal for the time spent in those games. For some reason I bought valhalla at launch and regretted it. Had I spent the same I feel I would have enjoyed it much more.",reaction,
"I spent $10 on Origins, and it's one of my top games of all time.",reaction,
"I was more than happy with AC Valhalla, no regrets with my purchase. Put in 130 hours and finished the game with minimal trouble. Absolutely worth the money compared to the $60 games that last 20 hours at best. So yeah, I'll probably keep buying AC games.",reaction,
"I guess I don't care about dressing up my Viking dolly or its ship or town so much. I do wish the game would stop freezing and my side quests would hit all their triggers and complete.",reaction,
"Love the art style!",reaction,
"This is awesome man, I just started replaying Origins after completing it when it came out and man I forgot how fucking good it is. I feel like graphically it looks the best out of any of the games even Odyssey and Bayek is hands down my favorite protagonist in the series.",reaction,
"The poster is awesome, I liked it very much. Imagine being an assassin and cutting your own finger with the hidden blade.",reaction,
"Bayek is such an amazing character! I love him and his story so much.",reaction,
"Fantastic work, fantastic design. This is the content I'm here for.",reaction,
"I love this game. Might be my favorite in general since brotherhood. I am now playing the hidden ones dlc and it's awesome.",reaction,
"Great game, my favorite, going to try out Odyssey next.",reaction,
"Held out for ACV, even though I had no plans of playing it through for a while. Well, decided to say screw it, I wanna play at least an hour just to see what it's like. So I bought it at full price. The next day, it went on sale. I was so mad.",reaction,
"Really enjoyed acv, great game, but the lip syncing bug was something that took this down a notch.",reaction,
"This is why I don't understand why people are so quick to buy games at launch. People have usually been waiting for the game for months and waiting an additional month or two isn't gonna hurt, especially if you're not all that invested in a series. Also by waiting a few extra months, the game has usually been patched and updated.",analysis,
"A few months after a game comes out, no one wants to talk about the story anymore. The cool kids who finish first decide what the game is all about. I got burned on ACV, paid $120 for it, I will never do that again. I also got Witcher 3 for like $15 and played it for probably 300 incredible hours. Eventually you run out of great games you missed that are now on sale.",analysis,
"Patching and updating can be used to balance, read gimp, the game. Valhalla was the first AC to patch in progression boosts, no doubt getting the benefits of dodging review mentions. Standard farming methods of gear, money and crafting resources that could be obtained in the MTX store were nerfed despite having no practical need to nerf them as the games were single player instead of multiplayer.",analysis,
"Buying their games full price is basically stupid tax. They know people will buy them for $60, but even more people would get them for $40. So they bank in on the full price guys, then bank in on the actual full price guys.",analysis,
"I wouldn't have minded the microtransactions if the effort they put into them matched the effort they put into their other post-launch content. So many game-breaking bugs and quality of life features that took months to come in. Reda's shop is 2 out of 10. I spent $100 on the ultimate edition and I feel like an absolute sucker.",analysis,
"AAA publishers thrive on people paying more for their products, then whine about how $60 isn't enough any more, despite them having more players, more microtransactions, more DLC, more special editions and more profits than EVER before. Be a patient gamer, there's no harm in waiting and plenty of games out there to keep everyone occupied.",analysis,
"I'm not saying Valhalla is a bad game but you play a game like ghost of tsushima and you can see how everything was designed from scratch and has purpose whereas games like valhalla has fluff to extend play time. Just look at the combat, it literally has no challenge. Just giving enemies a bigger health bar isn't good game design.",analysis,
"It's because Ubisoft keeps dropping features that work to chase trends of the current time. Ghost of Tsushima was built from the ground up with a lot of those pieces all put together into a cohesive whole. AC needs a real reboot. Origins was just taking the classic formula and then chasing The Witcher. They need to take AC1, 2, Unity and find the common working mechanics and build a game off that.",analysis,
"ACV is a complete game at least in the sense that any AC game is. It is not pay-to-win, I spent zero in the helix store and never felt blocked off at any stage. The microtransactions are well hidden from normal gameplay and are almost purely cosmetic, nothing of significance is locked behind pay walls, and there is over 100 hours of content available at launch. Now yes there have been bugs, but what game doesn't have these?",analysis,
"AC has always been in a bizarre place where it's been simultaneously dearly beloved and intensely hated by its fanbase. I remember people saying this sort of stuff about Revelations back in 2011, yet now everything pre-Odyssey is held up as a golden era. I've no doubt that in 5 years once the dust settles we'll have plenty of underrated gem posts about Odyssey being massively upvoted.",analysis,
"Yes this is a fantastic game. I love the detail that has been put into it, especially from an Art History perspective. In the tomb of Amenhotep IV they keep all the art styles distinct. There is visual difference represented in the tombs between the Ptolemaic period and the very distinct Amarna art style utilized in 1350 during the reign of Amenhotep IV.",analysis,
"I always thought the cutting off of the ring finger to be the dumbest tradition of the assassins. If you're trying to work from the shadows and have your agents be incognito, why would you give every single one the same distinguishing mark that their enemies could very easily use to identify them?",analysis,
"Leonardo didn't do that, Altair did, with help from the Apple. When Leonardo says that it used to require the removal of the finger but it had been modified, he's referring to the modifications that Altair wrote about in the Codex.",analysis,
"It makes little sense in Bayek's brotherhood, but the Levantine Assassins stopped being incognito when they built Masyaf and announced their presence to the world. That was one of the things Altair sought to reform, bringing the Brotherhood back to the shadows, and coincidentally he was the one to design a blade that doesn't require the finger removal.",analysis,
"I'll admit, I'm really excited about the Raven.",reaction,
"Thanks for the list, I'm more hyped every minute since the drawing video.",reaction,
"I'm so glad you can customize hair. That was the one thing I really wanted because let's face it, Vikings have always been shown with really sick hairstyles.",reaction,
"Kudos on the text, awesome read! It actually got me excited about the game, it sounds really good. Sure sounds like Valhalla will be closer to Origins than Odyssey which is great news for me.",reaction,
"I don't think I've ever been more keen for an Assassins Creed game before in my life! The trailer was awesome and all the details sound incredible. Yes it's probably not going to be a traditional AC game, but I like the idea of stories in the AC universe that don't necessarily focus on Temples and Assassins. I honestly can't wait!",reaction,
"This is the most excited I've been since 3. It's also probably going to be the first AC I've bought within the first 3 months of release since AC3.",reaction,
"Me, expecting good modern time content. Then I read Layla's story in the present day continues. Me, FRICKIN HELL.",reaction,
"Dual shields?! Sign me up.",reaction,
"Something I really love about hers is the inside of the hood being white.",reaction,
"One, that is really pretty. Two, Naoe's default outfit might just be my favourite look besides Connor and Altair's.",reaction,
"I'm a sucker for ninja outfits. Naoe's look is S++.",reaction,
"Connor's fit with the blue lining is still undefeated.",reaction,
"Maaan that looks good. I'm definitely skeptical of any new Ubisoft game but if that's a straight screenshot then I'm impressed.",reaction,
"That's absolutely stunning. Really excited for the variety in scenery in this game, especially with the seasons.",reaction,
"That foliage. God damn.",reaction,
"I love Naoe's Outfit. It looks casual but also assassin-like. It makes sense for an assassin to wear something like this for stealth.",reaction,
"I'm really liking the density of the foliage honestly.",reaction,
"The density of that bamboo forest and the details of the mold in the stones is amazing, can't wait to finally see a city!",reaction,
"I for one think this looks absolutely fantastic. Gotta remind myself that so much of reddit is an echo chamber of negativity. I was already impressed with the graphics of Valhalla and this looks like a huge improvement with the dense foliage.",reaction,
"They've seriously checked all the right boxes for me personally in this game, feels like the AC game I've been hoping for. I'm so stoked for this!",reaction,
"Layla sucks.",hot_take,
"Fuck layla, this fucking modern times is boring as shit.",hot_take,
"Hopefully this is a Layla trilogy and her story finally fucking ends here. Cannot stand her.",hot_take,
"Oh my god why Layla again. It's like they are actively trying to make the present-day content as tedious and as awful as possible by putting in the worst characters.",hot_take,
"If this game is as great as it's looking up to be can we just agree to only allow assassins creed games to be made by ubisoft Montreal?",hot_take,
"Its a shame because I never felt invested in Aya's character, she didn't get much focus. Bayek was actually interesting and well developed so to see Ubisoft shaft him in his own game and now make her the mentor instead of both is awful.",hot_take,
"Valhalla would suck if it wasn't for how good it looks, but that world is so incredibly gorgeous it's insane. That alone makes it worth playing imo.",hot_take,
"I mean, when were graphics a problem for Assassin's Creed? Unity, Odyssey and Origins are some of the best looking games ever made for their time and also in general.",hot_take,
"Just please don't have spongy enemies that take like 6 hits to go down.",hot_take,
"The new games are just not for me. It's mostly because of the parkour, it has been extremely simple and in my opinion boring since Origins. I prefer the way the older games played, I just want it to play like AC.",hot_take,
"Everyone out here talking about the nothingburger of Yasuke meanwhile the Japanese protagonist they're crying about is right there in the trailer with the absolute best Assassin design they've ever made.",hot_take,
"I heard this is another RPG style game, so I got some bad news.",hot_take,
"Would be cool if the raven was much more traversal than Senu, such as being able to fly down onto tree branches or fly through gaps and windows of buildings to get an inside view. I never liked the fact that the eagle could see through walls and underground and mark people, it would feel much better if you had to get up close and personal.",analysis,
"The trailer heavily played into the history is written by the victors theme by literally having Alfred write down his version of events, which essentially ends up as misconstrued propaganda. If that theme is actually held up in the game, having the main character be misgendered in the historical record due to the perceived femininity of their name is a very interesting statement.",analysis,
"I don't think Bayek will be mentioned solely due to the most logical spread of the Hidden Ones. After Bayek and Aya take out Caesar, the Hidden Ones are established and begin to spread out while combating the Order. Most likely both the Hidden Ones and the Order spread via their Roman counterparts during the Roman Empire. If the Hidden Ones here are remnants of the Roman Brotherhood, most likely they'd remember Aya as their Mentor, since Bayek mostly kept to the Egyptian end.",analysis,
"AC Origins takes place in about 50BCE and this game will take place in around 860 AD. That's 900 years and a continent away. Aya wouldn't be a mentor but she would maybe be remembered as the founder. Bayek would not be unfortunately. He did the ground work but Aya did the most high visibility and profile assassinations of the time.",analysis,
"You can still make an awesome outfit from sets and have the matching sets look as cohesive as any outfit from Origins, whilst still allowing you to mix and match. Origins has some badass outfits but it got a bit tiring that outside of the novelty legendary ones it was pretty much only 4 or 5 unique outfits with recolours slapped on top.",analysis,
"This already looks like a big improvement. As much as I love the environments in Origins and Odyssey for how stunning they are, they also felt pretty barren. Valhalla even more so, and its dull colour palette didn't help. Having a vibrant and dense bamboo forest really hearkens back to the cool jungle biomes of Black Flag.",analysis,
"Odyssey had a rich color palette. Valhalla in my opinion was just mud and grass. In Odyssey you had vibrant blue sea and different islands from temperate forests to arid hills and palm trees.",analysis,
"I'm playing Odyssey for the first time and what I am noticing is although the contrast of the sea, the trees, and houses is pretty, it gets very repetitive and it feels like I am going to the same places over and over. Origins did not have this feel despite it being mostly desert, the cities were all distinct and really cool.",analysis,
"The combat being damage sponge enemies as opposed to dispatching enemies quickly, brutally and efficiently like an actual assassin means the game departed from iterating its old combat system to trying a new one that had no appeal for fans and little appeal to new ones.",analysis,
"The AI is always such an obvious one for me. It really feels like it's been untouched since like AC3. Either they spot you and everyone knows your exact location, they mildly look for you, or they don't see you murdering like 3 people right next to them. An AC game with the enemy AI of Arkham Knight would be next level but even with their huge budgets they never get there.",analysis,
"Ubisoft doesn't have a problem making games that are visually stunning. The problem comes in with their lack of making the world feel alive, and when it does it's usually backhanded by how lifeless interactions are. Hunting is always a let down. Combat in mirage was god awful. I fully expect the game to look stunning, but everything will feel dead is my worry.",analysis,
"Really it just depends on your opinion on the past like 3 or 4 games. If you thought those were good this will probably be the same. If you are like seemingly everyone else on the internet and think its crap, this game will probably also be bad to you.",analysis,
"Wait isn't it impossible for you to relive anything other than reality in the animus? The whole point of the animus was to show you the truths that written history got wrong, exaggerated, or just straight up lied about. If you're reliving Eivor's genetic memory you have to see reality not written history.",analysis,
